{"id":"appsec-407","displayName":"Distributed Kubernetes - VM to Pod Performance","lastModified":1669085174,"lastAccessed":1669083729,"tags":{"Application":"CyPerf","category":"CyPerf"},"type":"appsec","ownerId":"a205e1d0-e467-4cf6-985e-4424ac226bca","owner":"admin@example.org","readonly":false,"configUrl":"http://wap-appsec-resource-service.keysight-wap.svc.cluster.local./api/v2/resources/configs/appsec-407","configData":null,"application":"","encodedFiles":true,"linkedResources":[{"rel":"child","type":"child","method":"GET","name":"Secured_RSAdes3_cert_2048.pem","href":"http://wap-appsec-resource-service.keysight-wap.svc.cluster.local./api/v2/resources/tls-certificates/Secured_RSAdes3_cert_2048.pem/contentFile","contentType":"multipart/form-data"},{"rel":"child","type":"child","method":"POST","name":"Secured_RSAdes3_cert_2048.pem","href":"http://wap-appsec-resource-service.keysight-wap.svc.cluster.local./api/v2/resources/tls-certificates","contentType":"multipart/form-data; boundary=40b61120d3db9d94e42b5455a0520bebe604e1e8ebd1b3e1708e238f45bc"},{"rel":"child","type":"child","method":"GET","name":"Secured_RSAdes3_key_2048.pem","href":"http://wap-appsec-resource-service.keysight-wap.svc.cluster.local./api/v2/resources/tls-keys/Secured_RSAdes3_key_2048.pem/contentFile","contentType":"multipart/form-data"},{"rel":"child","type":"child","method":"POST","name":"Secured_RSAdes3_key_2048.pem","href":"http://wap-appsec-resource-service.keysight-wap.svc.cluster.local./api/v2/resources/tls-keys","contentType":"multipart/form-data; boundary=c937ad7f01749502f24d661c7834705ea2d102c4507b8cfb58104f0e097b"},{"rel":"child","type":"child","method":"GET","name":"configUrl","href":"http://wap-appsec-resource-service.keysight-wap.svc.cluster.local./api/v2/resources/configs/appsec-407","contentType":"application/json"}]}