{"id":"appsec-413","displayName":"Distributed Kubernetes - WAF Performance","lastModified":1669085143,"lastAccessed":1669000354,"tags":{"Application":"CyPerf","category":"CyPerf"},"type":"appsec","ownerId":"a205e1d0-e467-4cf6-985e-4424ac226bca","owner":"admin@example.org","readonly":false,"configUrl":"http://wap-appsec-resource-service.keysight-wap.svc.cluster.local./api/v2/resources/configs/appsec-413","configData":null,"application":"","encodedFiles":true,"linkedResources":[{"rel":"child","type":"child","method":"GET","name":"Strike XSS Vector Reflected Fuzzers.csv","href":"http://wap-appsec-resource-service.keysight-wap.svc.cluster.local./api/v2/resources/playlists/Strike XSS Vector Reflected Fuzzers.csv/contentFile","contentType":"multipart/form-data"},{"rel":"child","type":"child","method":"GET","name":"Strike XSS Vector Reflected Group4.csv","href":"http://wap-appsec-resource-service.keysight-wap.svc.cluster.local./api/v2/resources/playlists/Strike XSS Vector Reflected Group4.csv/contentFile","contentType":"multipart/form-data"},{"rel":"child","type":"child","method":"GET","name":"Strike XSS Vector Reflected Group5.csv","href":"http://wap-appsec-resource-service.keysight-wap.svc.cluster.local./api/v2/resources/playlists/Strike XSS Vector Reflected Group5.csv/contentFile","contentType":"multipart/form-data"},{"rel":"child","type":"child","method":"POST","name":"Strike XSS Vector Reflected Group3.csv","href":"http://wap-appsec-resource-service.keysight-wap.svc.cluster.local./api/v2/resources/playlists","contentType":"multipart/form-data; boundary=fd6c7aab93e3bf2acf9066e14233e2c473a7674c2ed2b8135dea9e800a36"},{"rel":"child","type":"child","method":"GET","name":"Strike XSS Vector Reflected Group7.csv","href":"http://wap-appsec-resource-service.keysight-wap.svc.cluster.local./api/v2/resources/playlists/Strike XSS Vector Reflected Group7.csv/contentFile","contentType":"multipart/form-data"},{"rel":"child","type":"child","method":"GET","name":"Strike XSS Vector Reflected Group8.csv","href":"http://wap-appsec-resource-service.keysight-wap.svc.cluster.local./api/v2/resources/playlists/Strike XSS Vector Reflected Group8.csv/contentFile","contentType":"multipart/form-data"},{"rel":"child","type":"child","method":"POST","name":"Strike XSS Vector Reflected Group8.csv","href":"http://wap-appsec-resource-service.keysight-wap.svc.cluster.local./api/v2/resources/playlists","contentType":"multipart/form-data; boundary=9497adf2a97ec100de115604cda814a1ee55973aae54488a894dbe003c3b"},{"rel":"child","type":"child","method":"GET","name":"Strike XSS Vector Reflected Group6.csv","href":"http://wap-appsec-resource-service.keysight-wap.svc.cluster.local./api/v2/resources/playlists/Strike XSS Vector Reflected Group6.csv/contentFile","contentType":"multipart/form-data"},{"rel":"child","type":"child","method":"GET","name":"Secured_RSAdes3_key_2048.pem","href":"http://wap-appsec-resource-service.keysight-wap.svc.cluster.local./api/v2/resources/tls-keys/Secured_RSAdes3_key_2048.pem/contentFile","contentType":"multipart/form-data"},{"rel":"child","type":"child","method":"POST","name":"Secured_RSAdes3_key_2048.pem","href":"http://wap-appsec-resource-service.keysight-wap.svc.cluster.local./api/v2/resources/tls-keys","contentType":"multipart/form-data; boundary=be1d507ea04ab22d4eabcf03df09882c135a1b71e1398bfd603fed9697cd"},{"rel":"child","type":"child","method":"POST","name":"Strike XSS Vector Reflected Group2.csv","href":"http://wap-appsec-resource-service.keysight-wap.svc.cluster.local./api/v2/resources/playlists","contentType":"multipart/form-data; boundary=1f9a5c8b8a04e10bc98146541de969f99d393b067a483dcf16e9520db292"},{"rel":"child","type":"child","method":"GET","name":"Strike XSS Vector Reflected Sample.csv","href":"http://wap-appsec-resource-service.keysight-wap.svc.cluster.local./api/v2/resources/playlists/Strike XSS Vector Reflected Sample.csv/contentFile","contentType":"multipart/form-data"},{"rel":"child","type":"child","method":"GET","name":"Strike XSS Vector Reflected Group2.csv","href":"http://wap-appsec-resource-service.keysight-wap.svc.cluster.local./api/v2/resources/playlists/Strike XSS Vector Reflected Group2.csv/contentFile","contentType":"multipart/form-data"},{"rel":"child","type":"child","method":"GET","name":"Strike XSS Vector Reflected Group3.csv","href":"http://wap-appsec-resource-service.keysight-wap.svc.cluster.local./api/v2/resources/playlists/Strike XSS Vector Reflected Group3.csv/contentFile","contentType":"multipart/form-data"},{"rel":"child","type":"child","method":"POST","name":"Strike XSS Vector Reflected Group4.csv","href":"http://wap-appsec-resource-service.keysight-wap.svc.cluster.local./api/v2/resources/playlists","contentType":"multipart/form-data; boundary=9ca80662f84fdeaf7574ccdf35599f27f5c165fb0f0b8c9545c02a234ea4"},{"rel":"child","type":"child","method":"POST","name":"Strike XSS Vector Reflected Rsnake.csv","href":"http://wap-appsec-resource-service.keysight-wap.svc.cluster.local./api/v2/resources/playlists","contentType":"multipart/form-data; boundary=be06bf14042ef12d90acfe40391601524d440b4ee1242d074112ad647a9b"},{"rel":"child","type":"child","method":"POST","name":"Strike XSS Vector Reflected Sample.csv","href":"http://wap-appsec-resource-service.keysight-wap.svc.cluster.local./api/v2/resources/playlists","contentType":"multipart/form-data; boundary=f7f4c592b7adc090551971730c1eb37a808c0efbf7df18a7f0127e667c31"},{"rel":"child","type":"child","method":"GET","name":"Secured_RSAdes3_cert_2048.pem","href":"http://wap-appsec-resource-service.keysight-wap.svc.cluster.local./api/v2/resources/tls-certificates/Secured_RSAdes3_cert_2048.pem/contentFile","contentType":"multipart/form-data"},{"rel":"child","type":"child","method":"POST","name":"Secured_RSAdes3_cert_2048.pem","href":"http://wap-appsec-resource-service.keysight-wap.svc.cluster.local./api/v2/resources/tls-certificates","contentType":"multipart/form-data; boundary=24aec94d7ae6ca45018c9508d694f453620f101aefecefe11268b1028bd2"},{"rel":"child","type":"child","method":"POST","name":"Strike XSS Vector Reflected Group1.csv","href":"http://wap-appsec-resource-service.keysight-wap.svc.cluster.local./api/v2/resources/playlists","contentType":"multipart/form-data; boundary=735384b7b3f8d7b89ce78ca255b91690b0a92c8f3b3aeffdc7db89acb5cd"},{"rel":"child","type":"child","method":"GET","name":"Strike XSS Vector Reflected Rsnake.csv","href":"http://wap-appsec-resource-service.keysight-wap.svc.cluster.local./api/v2/resources/playlists/Strike XSS Vector Reflected Rsnake.csv/contentFile","contentType":"multipart/form-data"},{"rel":"child","type":"child","method":"POST","name":"Strike XSS Vector Reflected Group6.csv","href":"http://wap-appsec-resource-service.keysight-wap.svc.cluster.local./api/v2/resources/playlists","contentType":"multipart/form-data; boundary=8842242b5f98c7ddb0172149f5a7419764ba12c2617500b99944ab1e939d"},{"rel":"child","type":"child","method":"POST","name":"Strike XSS Vector Reflected Group7.csv","href":"http://wap-appsec-resource-service.keysight-wap.svc.cluster.local./api/v2/resources/playlists","contentType":"multipart/form-data; boundary=a7005708dd59f4ec314397e8a9a1e5948afcd3749a7938ddb420ed616fe3"},{"rel":"child","type":"child","method":"POST","name":"Strike XSS Vector Reflected Fuzzers.csv","href":"http://wap-appsec-resource-service.keysight-wap.svc.cluster.local./api/v2/resources/playlists","contentType":"multipart/form-data; boundary=61ca8301648276330c36acc7b400f043005c6ad9f7cdfe95ae9d21c583db"},{"rel":"child","type":"child","method":"GET","name":"Strike XSS Vector Reflected Group1.csv","href":"http://wap-appsec-resource-service.keysight-wap.svc.cluster.local./api/v2/resources/playlists/Strike XSS Vector Reflected Group1.csv/contentFile","contentType":"multipart/form-data"},{"rel":"child","type":"child","method":"POST","name":"Strike XSS Vector Reflected Group5.csv","href":"http://wap-appsec-resource-service.keysight-wap.svc.cluster.local./api/v2/resources/playlists","contentType":"multipart/form-data; boundary=d8fd5a95770ef4527b62225bdd6ad344d60c72e987b75ad55c27b789923a"},{"rel":"child","type":"child","method":"GET","name":"Strike XSS Vector Reflected Html5.csv","href":"http://wap-appsec-resource-service.keysight-wap.svc.cluster.local./api/v2/resources/playlists/Strike XSS Vector Reflected Html5.csv/contentFile","contentType":"multipart/form-data"},{"rel":"child","type":"child","method":"POST","name":"Strike XSS Vector Reflected Html5.csv","href":"http://wap-appsec-resource-service.keysight-wap.svc.cluster.local./api/v2/resources/playlists","contentType":"multipart/form-data; boundary=5b785714a4c4f7781a778c1ecd400fe5eabc3cf0a9fd9e16ce6608052e24"},{"rel":"child","type":"child","method":"GET","name":"configUrl","href":"http://wap-appsec-resource-service.keysight-wap.svc.cluster.local./api/v2/resources/configs/appsec-413","contentType":"application/json"}]}